{
  "name": "SPL-Ubuntu",
  "build": {
    "dockerfile": "Dockerfile"
  },
  // Add the IDs of extensions you want installed when the container is created.
  "extensions": [
    "ms-vscode.cpptools-extension-pack",
    "vscode-icons-team.vscode-icons",
    "2gua.rainbow-brackets",
    "vscjava.vscode-java-pack",
    "jeff-hykin.better-cpp-syntax",
    "ms-vscode.makefile-tools",
    "ms-python.python",
    "natqe.reload",
    "cschlosser.doxdocgen",
    "ms-vsliveshare.vsliveshare"
  ],
  // Uncomment when using a ptrace-based debugger like C++, Go, and Rust
  "runArgs": [ "--cap-add=SYS_PTRACE", "--security-opt", "seccomp=unconfined"],

  // Features to add to the dev container. More info: https://containers.dev/implementors/features.
  // "features": {},

  // Use 'forwardPorts' to make a list of ports inside the container available locally.
  // "forwardPorts": [],

  // Use 'postCreateCommand' to run commands after the container is created.
  // "postCreateCommand": "gcc -v",

  // Configure tool-specific properties.
  // "customizations": {},

  // Uncomment to connect as root instead. More info: https://aka.ms/dev-containers-non-root.
  // "remoteUser": "root"
}
